Census year,Block ID,CLUE small area,Accommodation,Admin and Support Services,Agriculture and Mining,Arts and Recreation Services,Business Services,Construction,Education and Training,"Electricity, Gas, Water and Waste Services",Finance and Insurance,Food and Beverage Services,Health Care and Social Assistance,Information Media and Telecommunications,Manufacturing,Other Services,Public Administration and Safety,Real Estate Services,Rental and Hiring Services,Retail Trade,"Transport, Postal and Storage",Wholesale Trade,Total establishments in block
2017,1,Melbourne (CBD),0,3,0,1,1,0,0,2,2,7,0,0,0,4,0,1,1,2,1,0,25
2017,2,Melbourne (CBD),0,0,0,3,0,0,0,1,0,0,0,0,0,0,0,0,0,0,0,0,4
2017,4,Melbourne (CBD),0,0,0,5,0,0,1,0,0,14,1,0,0,4,1,0,0,8,3,0,37
2017,5,Melbourne (CBD),0,0,0,0,0,0,0,0,0,1,0,1,0,1,0,0,0,7,0,0,10
2017,6,Melbourne (CBD),0,3,0,6,0,0,0,0,0,17,0,1,0,2,2,2,1,8,6,0,48
2017,11,Melbourne (CBD),6,9,0,1,19,2,1,1,4,16,2,1,1,8,0,3,1,2,1,0,78
2017,12,Melbourne (CBD),3,4,0,3,9,1,9,2,5,20,1,1,1,7,1,1,0,4,2,2,76
2017,13,Melbourne (CBD),0,8,3,2,22,2,3,2,11,7,1,10,0,5,0,4,0,7,1,1,89
2017,14,Melbourne (CBD),3,24,2,2,65,9,12,0,19,29,9,4,1,44,1,8,0,20,1,3,256
2017,15,Melbourne (CBD),5,17,1,43,49,2,16,0,13,45,7,4,24,69,1,1,0,60,0,6,363
2017,16,Melbourne (CBD),2,2,0,7,20,0,4,1,6,13,3,1,0,4,0,3,0,10,0,1,77
2017,17,Melbourne (CBD),1,1,0,2,47,1,4,0,7,35,0,2,2,7,2,4,0,8,1,2,126
2017,18,Melbourne (CBD),3,2,0,1,11,3,1,0,7,13,2,0,1,4,4,3,0,4,1,0,60
2017,21,Melbourne (CBD),2,3,0,1,4,1,0,2,2,12,2,2,1,3,4,2,0,1,2,0,44
2017,22,Melbourne (CBD),1,13,1,4,74,8,4,2,32,14,4,0,2,9,4,4,0,3,4,1,184
2017,23,Melbourne (CBD),1,9,2,3,37,1,1,0,4,11,5,3,1,9,1,3,0,5,0,1,97
2017,24,Melbourne (CBD),0,14,4,2,50,5,6,2,50,29,6,6,3,11,1,11,0,14,5,2,221
2017,25,Melbourne (CBD),3,15,0,1,24,0,24,0,15,30,14,1,18,31,1,5,0,53,1,30,266
2017,26,Melbourne (CBD),1,1,2,1,17,1,0,2,9,12,9,0,0,5,0,2,0,19,0,1,82
2017,27,Melbourne (CBD),1,8,1,1,42,7,1,2,41,13,7,1,2,8,2,7,0,27,0,2,173
2017,28,Melbourne (CBD),1,7,1,1,29,3,1,0,30,25,27,3,0,11,5,6,0,28,1,2,181
2017,31,Melbourne (CBD),1,3,0,2,16,1,9,1,7,26,5,2,1,11,1,0,0,11,2,1,100
2017,32,Melbourne (CBD),2,21,7,0,90,2,3,4,32,27,8,5,2,18,8,4,0,7,5,1,246
2017,33,Melbourne (CBD),3,21,2,2,104,6,14,1,30,34,11,2,4,21,1,4,0,7,3,2,272
2017,34,Melbourne (CBD),2,43,4,2,153,2,14,3,73,24,15,4,17,77,2,11,0,31,4,9,490
2017,35,Melbourne (CBD),2,14,0,7,40,2,16,1,7,25,38,1,87,53,0,9,0,129,2,23,456
2017,36,Melbourne (CBD),3,4,0,2,9,0,0,1,3,9,5,1,3,11,2,1,0,20,0,0,74
2017,37,Melbourne (CBD),3,7,1,1,34,4,0,2,54,11,4,5,1,10,12,14,0,9,2,2,176
2017,38,Melbourne (CBD),2,7,0,1,46,3,3,1,35,28,75,2,13,14,5,5,0,10,2,2,254
2017,41,Melbourne (CBD),2,3,1,0,12,2,1,0,1,4,5,0,0,4,2,1,0,2,2,0,42
2017,42,Melbourne (CBD),0,15,2,0,103,2,12,3,24,28,13,6,5,29,9,8,0,10,2,7,278
2017,43,Melbourne (CBD),2,14,2,1,68,3,7,0,30,14,2,3,3,12,3,5,0,8,0,0,177
2017,44,Melbourne (CBD),0,14,1,1,48,2,5,3,15,19,15,1,5,20,4,6,1,21,1,3,185
2017,45,Melbourne (CBD),1,2,0,1,4,0,3,0,5,21,0,1,4,15,0,2,0,89,0,0,148
2017,46,Melbourne (CBD),1,6,0,3,10,0,2,1,2,28,7,5,0,24,4,1,0,36,0,0,130
2017,47,Melbourne (CBD),3,1,0,0,1,1,2,0,6,30,2,2,1,10,11,1,0,16,2,0,89
2017,48,Melbourne (CBD),2,2,0,3,23,0,2,1,9,28,3,2,4,10,2,3,1,10,1,1,107
2017,51,Melbourne (CBD),2,0,0,3,12,0,5,1,1,13,2,1,1,4,1,7,0,5,2,0,60
2017,52,Melbourne (CBD),0,4,0,1,27,1,0,0,13,31,3,2,0,7,10,5,0,9,1,3,117
2017,53,Melbourne (CBD),3,8,0,0,128,5,8,2,25,25,8,1,4,24,5,6,0,7,1,1,261
2017,54,Melbourne (CBD),0,8,0,4,49,1,12,0,11,33,7,1,4,23,0,5,0,39,1,4,202
2017,55,Melbourne (CBD),2,2,0,1,3,0,0,0,1,12,1,0,0,2,0,1,1,17,0,0,43
2017,56,Melbourne (CBD),0,8,0,2,5,0,6,0,5,53,4,5,5,22,0,0,0,45,0,0,160
2017,57,Melbourne (CBD),1,4,0,3,30,1,8,3,5,45,12,4,1,34,0,8,0,13,0,2,174
2017,58,Melbourne (CBD),3,0,0,1,8,0,0,3,3,34,0,0,3,6,1,0,0,16,1,1,80
2017,61,Melbourne (CBD),2,0,0,0,0,0,1,2,0,11,1,0,0,1,1,3,0,5,0,0,27
2017,62,Melbourne (CBD),2,0,0,1,9,0,3,1,1,17,2,0,0,4,1,1,0,1,0,0,43
2017,63,Melbourne (CBD),0,1,0,0,24,0,4,0,5,11,0,2,0,8,3,3,0,7,0,1,69
2017,64,Melbourne (CBD),2,10,0,4,45,1,7,1,4,37,5,0,1,11,0,2,2,20,0,2,154
2017,65,Melbourne (CBD),2,4,0,1,6,0,3,0,2,58,4,0,0,23,0,4,0,177,1,1,286
2017,66,Melbourne (CBD),1,5,0,0,4,1,4,2,2,51,2,2,0,17,0,2,0,29,1,0,123
2017,67,Melbourne (CBD),3,2,0,5,8,0,6,0,1,42,5,1,0,13,0,1,0,4,0,0,91
2017,68,Melbourne (CBD),6,0,0,2,7,0,2,0,8,14,0,3,0,5,1,2,0,2,0,0,52
2017,71,Melbourne (CBD),1,1,0,0,12,2,0,0,0,2,0,0,0,1,0,2,0,0,0,1,22
2017,72,Melbourne (CBD),0,2,0,1,48,1,4,0,1,34,2,0,2,9,2,4,1,5,0,0,116
2017,73,Melbourne (CBD),0,0,0,0,5,0,0,0,0,3,0,0,0,2,9,1,0,0,0,0,20
2017,74,Melbourne (CBD),0,9,0,1,69,1,8,0,7,31,2,1,4,16,0,6,0,18,1,0,174
2017,76,Melbourne (CBD),0,1,0,5,2,1,1,0,4,43,16,3,1,13,0,0,0,47,2,0,139
2017,77,Melbourne (CBD),2,2,0,1,5,1,1,0,2,9,2,2,0,10,0,2,0,4,1,0,44
2017,78,Melbourne (CBD),0,1,0,1,0,1,0,0,6,23,2,1,1,4,14,3,0,5,0,0,62
2017,81,Melbourne (CBD),2,0,0,0,1,0,6,0,1,6,0,0,0,0,0,0,0,1,0,0,17
2017,82,Melbourne (CBD),0,2,0,1,39,1,7,1,5,11,2,4,0,4,6,2,0,1,3,0,89
2017,83,Melbourne (CBD),0,0,0,2,1,0,1,0,0,3,0,0,0,3,1,0,0,0,0,0,11
2017,84,Melbourne (CBD),1,2,0,0,15,6,3,1,2,22,0,1,0,6,0,2,0,10,0,1,72
2017,85,Melbourne (CBD),2,5,0,2,9,2,0,1,12,104,8,5,1,34,5,2,0,183,1,0,376
2017,86,Melbourne (CBD),0,0,0,1,0,0,0,0,0,2,0,1,0,7,0,0,0,1,0,0,12
2017,87,Melbourne (CBD),2,1,0,1,9,1,3,2,1,21,0,1,1,6,0,6,0,1,0,1,57
2017,88,Melbourne (CBD),0,0,0,0,0,0,0,0,0,2,1,1,0,0,0,1,0,2,0,0,7
2017,217,Carlton,0,2,0,2,2,1,0,0,0,15,5,2,1,7,0,0,0,22,0,0,59
2017,91,West Melbourne (Residential),0,5,0,0,17,1,4,1,3,6,3,1,1,6,1,3,0,2,0,3,57
2017,92,West Melbourne (Residential),0,0,0,2,0,0,0,0,0,0,0,0,0,0,0,0,0,0,0,0,2
2017,93,Melbourne (CBD),3,2,1,1,18,0,4,0,3,9,1,0,0,4,2,3,0,1,0,0,52
2017,94,Melbourne (CBD),2,0,0,0,9,4,3,0,1,9,1,2,0,6,1,4,0,8,0,0,50
2017,95,Melbourne (CBD),1,0,0,2,7,2,7,0,3,19,4,3,1,4,0,1,1,10,0,0,65
2017,96,Melbourne (CBD),0,0,0,3,0,0,23,0,0,1,0,1,0,1,0,0,0,0,0,0,29
2017,97,Melbourne (CBD),3,0,0,3,4,3,1,0,2,5,1,2,0,4,0,2,0,2,0,0,32
2017,98,Melbourne (CBD),0,0,0,0,0,0,0,0,0,0,0,0,0,1,0,0,0,0,0,0,1
2017,101,West Melbourne (Residential),0,0,0,0,0,0,1,1,0,1,1,0,1,5,0,0,0,0,0,0,10
2017,103,Melbourne (CBD),4,0,0,0,4,2,1,1,1,4,1,0,0,9,1,5,0,1,0,1,35
2017,104,Melbourne (CBD),2,2,0,0,4,2,3,2,1,13,1,0,1,7,0,2,1,4,0,0,45
2017,105,Melbourne (CBD),0,1,0,1,4,0,4,0,0,9,1,0,0,0,1,1,2,5,1,0,30
2017,107,Melbourne (CBD),1,0,0,1,0,0,0,0,0,1,0,0,0,1,0,0,0,1,0,0,5
2017,111,West Melbourne (Residential),1,2,0,1,2,1,2,0,1,0,0,0,0,2,1,1,0,2,1,1,18
2017,113,Melbourne (CBD),0,1,0,1,0,0,0,1,0,29,1,0,4,7,1,1,0,106,13,1,166
2017,114,Melbourne (CBD),2,0,0,1,4,1,1,0,0,10,0,0,0,2,2,1,0,8,0,0,32
2017,115,Melbourne (CBD),4,1,0,2,1,4,3,0,0,4,0,1,0,3,0,3,2,5,2,0,35
2017,116,Melbourne (CBD),0,0,0,1,0,0,0,0,0,1,1,0,0,0,0,0,0,0,0,0,3
2017,125,Melbourne (CBD),0,0,0,1,0,0,0,0,0,1,1,0,0,2,0,0,0,1,0,0,6
2017,131,Docklands,1,1,1,1,5,1,2,1,2,9,1,1,0,3,3,2,0,2,2,0,38
2017,201,Carlton,0,0,0,1,0,0,0,0,0,0,0,0,0,0,0,0,0,0,0,0,1
2017,202,Carlton,1,0,0,0,0,0,0,0,0,0,0,0,0,0,0,0,0,0,0,0,1
2017,203,Carlton,2,0,0,0,0,0,0,0,0,2,2,0,0,0,0,0,0,1,0,0,7
2017,204,Carlton,1,0,0,0,0,0,3,0,0,2,1,0,0,1,0,0,0,0,0,0,8
2017,205,Carlton,1,0,0,0,0,0,3,0,0,4,5,2,0,0,0,0,0,1,0,0,16
2017,206,Carlton,5,0,0,1,6,0,0,0,4,11,1,1,0,5,0,1,0,15,0,0,50
2017,207,Carlton,2,0,0,0,0,0,0,1,0,10,1,0,0,1,0,0,0,6,0,0,21
2017,208,Carlton,0,0,0,0,1,0,0,0,0,1,0,0,0,1,0,0,0,0,0,0,3
2017,209,Carlton,0,0,0,0,0,0,0,0,0,0,0,0,0,1,0,0,0,0,0,0,1
2017,210,Carlton,0,0,0,0,0,0,2,0,0,0,0,0,0,0,0,0,0,0,0,0,2
2017,211,Carlton,0,0,0,0,0,0,0,0,0,0,0,0,0,0,1,0,0,0,0,0,1
2017,212,Carlton,1,0,0,1,0,0,0,0,0,2,3,0,0,0,1,0,0,1,0,0,9
2017,213,Carlton,0,0,0,1,0,0,1,1,0,0,1,0,0,1,1,0,0,0,0,0,6
2017,214,Carlton,1,2,0,0,7,0,0,0,0,2,2,0,3,2,0,0,0,5,0,1,25
2017,215,Carlton,2,0,0,1,0,0,0,0,0,4,1,0,0,1,1,1,0,5,1,0,17
2017,216,Carlton,0,0,0,0,1,0,0,0,1,6,0,0,1,8,0,0,1,4,0,1,23
2017,218,Carlton,2,4,0,4,14,5,2,0,2,14,4,1,1,10,0,2,0,14,0,1,80
2017,219,Carlton,3,0,0,0,1,0,1,0,0,1,2,0,0,0,0,0,0,0,0,0,8
2017,220,Carlton,0,0,0,0,1,0,0,0,1,0,0,0,0,0,0,0,0,0,0,2,4
2017,221,Carlton,1,0,0,0,0,0,0,0,0,0,0,0,0,0,0,0,0,0,0,0,1
2017,222,Carlton,0,0,0,1,0,0,0,0,0,0,1,0,0,0,1,0,0,1,0,0,4
2017,223,Carlton,1,0,0,0,2,0,0,0,0,2,3,0,0,3,0,2,0,2,0,0,15
2017,224,Carlton,1,0,0,0,4,0,0,0,1,2,2,0,6,2,0,1,0,4,0,0,23
2017,225,Carlton,0,0,0,1,0,0,0,0,1,2,0,0,0,0,0,0,0,1,0,0,5
2017,226,Carlton,0,0,0,0,0,0,0,0,0,8,0,0,0,0,0,0,0,0,0,0,8
2017,227,Carlton,0,0,0,1,0,0,1,0,0,1,0,0,0,0,0,1,0,0,0,0,4
2017,228,Carlton,0,0,0,2,2,0,0,0,0,1,1,0,0,0,1,0,0,0,0,0,7
2017,229,Carlton,0,0,0,1,0,0,0,1,0,0,0,0,0,0,0,0,0,0,0,0,2
2017,230,Carlton,0,1,0,1,0,0,0,0,0,1,1,0,0,3,0,0,0,1,0,1,9
2017,231,Carlton,0,0,0,0,0,0,0,0,0,0,1,0,0,0,0,0,0,0,0,0,1
2017,232,Carlton,0,0,0,1,0,0,1,0,0,2,0,0,0,0,0,0,0,0,0,0,4
2017,233,Carlton,0,0,0,1,0,0,0,2,0,0,0,0,0,0,0,0,0,0,0,0,3
2017,234,Carlton,0,0,0,0,1,0,0,0,0,0,2,0,0,0,0,0,0,2,0,0,5
2017,235,Carlton,0,0,0,0,0,0,0,0,0,0,0,0,0,0,1,0,0,0,0,0,1
2017,236,Carlton,0,0,0,0,0,0,0,0,0,0,1,0,1,0,0,0,0,1,0,0,3
2017,237,Carlton,0,0,0,1,0,0,0,1,0,0,0,0,0,0,0,0,0,0,0,0,2
2017,238,Carlton,0,0,0,0,0,0,0,0,0,0,1,0,0,0,0,0,0,0,0,0,1
2017,239,Carlton,0,0,0,0,4,0,2,0,2,3,20,1,0,1,0,0,0,1,0,0,34
2017,240,Carlton,0,0,0,0,2,0,11,0,0,4,0,0,0,0,0,0,0,1,0,0,18
2017,241,Carlton,0,0,0,1,0,0,0,0,0,0,0,0,0,1,0,0,0,0,0,0,2
2017,242,Carlton,1,0,0,1,6,0,10,0,1,1,1,1,0,0,0,1,0,0,0,0,23
2017,243,Carlton,3,1,1,0,3,0,11,0,0,5,4,0,1,2,0,0,0,1,0,0,32
2017,244,Carlton,0,0,0,1,0,0,0,0,0,0,0,0,0,1,0,0,0,0,0,0,2
2017,245,Carlton,0,3,0,0,10,0,2,0,3,11,1,0,0,2,0,1,0,2,0,2,37
2017,246,Carlton,1,0,0,0,3,0,1,0,0,20,2,0,1,1,0,1,0,5,0,1,36
2017,247,Carlton,2,1,0,2,13,3,2,0,2,15,6,1,0,3,2,0,0,2,0,0,54
2017,248,Carlton,5,1,0,0,3,0,1,0,0,1,1,0,0,4,0,1,0,0,0,0,17
2017,249,Carlton,0,0,0,2,0,0,0,0,0,0,0,0,0,1,0,0,0,0,0,0,3
2017,250,Carlton,0,1,0,1,0,0,0,0,0,1,0,1,0,1,0,0,0,0,0,0,5
2017,251,Carlton,0,0,0,0,3,0,0,0,7,1,7,1,0,4,2,1,0,0,0,1,27
2017,252,Carlton,1,0,0,0,9,2,0,1,2,19,3,0,0,4,0,1,0,5,1,1,49
2017,253,Carlton,0,0,0,1,0,0,0,0,0,0,0,0,0,0,0,0,0,0,0,0,1
2017,254,Carlton,0,2,0,0,5,2,2,0,1,11,3,2,0,4,0,1,0,1,1,0,35
2017,255,Carlton,0,0,0,0,4,0,1,0,0,4,2,1,1,6,1,1,0,4,0,1,26
2017,256,Carlton,3,2,0,0,0,0,3,0,0,3,0,0,1,0,1,0,0,0,0,0,13
2017,257,Carlton,2,0,0,0,1,0,2,2,0,8,4,0,0,1,0,0,0,2,0,1,23
2017,258,Carlton,0,0,0,0,2,0,1,0,0,2,1,1,1,0,0,0,0,1,0,0,9
2017,259,Carlton,0,0,0,0,0,0,2,1,0,2,0,1,0,0,0,0,0,0,0,1,7
2017,260,Carlton,2,1,0,0,1,1,0,0,0,3,1,0,2,1,0,0,0,7,0,0,19
2017,261,Carlton,1,0,0,0,4,0,1,0,0,1,0,1,1,4,0,0,0,5,0,0,18
2017,262,Carlton,0,0,0,1,3,0,0,0,0,2,0,0,0,1,0,0,0,0,0,1,8
2017,263,Carlton,1,0,0,1,7,1,1,3,0,2,2,0,0,13,2,1,0,5,0,1,40
2017,264,Carlton,0,0,0,1,2,0,1,0,0,2,0,0,0,0,0,0,0,1,0,1,8
2017,265,Carlton,3,2,0,0,3,1,6,0,0,7,0,0,1,7,1,2,0,1,0,1,35
2017,266,Carlton,2,0,0,0,2,0,22,0,0,7,0,1,1,2,0,0,0,0,0,0,37
2017,267,Carlton,2,1,0,0,6,1,0,0,2,4,6,1,0,19,0,0,0,2,1,0,45
2017,268,Carlton,1,1,0,1,6,0,0,0,1,1,4,0,0,2,0,1,0,0,0,0,18
2017,269,Carlton,0,0,0,1,0,0,0,0,0,0,0,0,0,1,0,0,0,0,0,0,2
2017,270,Parkville,0,4,0,5,0,0,50,0,2,32,0,0,0,2,0,0,0,9,1,0,105
2017,271,Parkville,7,0,0,0,0,0,1,0,0,1,0,0,0,0,0,0,0,0,0,0,9
2017,272,Parkville,1,0,0,0,0,0,0,0,0,0,0,0,0,0,0,0,0,0,0,0,1
2017,273,Carlton,0,0,0,1,0,0,0,1,0,0,0,0,0,2,0,0,0,0,0,0,4
2017,274,Carlton,0,3,0,9,0,0,0,0,0,1,0,0,0,0,0,0,0,1,0,0,14
2017,301,North Melbourne,0,0,0,0,1,0,0,0,0,0,1,0,0,1,0,0,0,2,0,0,5
2017,302,North Melbourne,0,0,0,0,0,0,1,0,0,0,0,0,0,1,0,0,0,0,0,0,2
2017,303,North Melbourne,0,0,0,1,0,0,1,0,0,0,2,0,0,0,0,0,0,0,0,0,4
2017,304,North Melbourne,0,0,0,0,0,0,0,0,0,0,1,0,0,1,0,0,0,0,0,0,2
2017,305,North Melbourne,0,0,0,0,0,0,0,0,0,0,0,0,0,0,0,0,0,0,0,0,0
2017,306,North Melbourne,0,0,0,0,0,0,0,0,0,0,0,0,0,1,0,0,0,0,0,0,1
2017,307,North Melbourne,0,0,0,0,0,0,0,0,0,0,0,0,0,0,0,0,0,0,0,0,0
2017,308,North Melbourne,0,0,0,0,0,0,0,0,0,0,0,0,0,0,0,0,0,0,0,0,0
2017,309,North Melbourne,0,0,0,1,2,2,1,2,1,1,0,1,1,3,0,0,1,0,0,0,16
2017,310,North Melbourne,0,0,0,0,2,0,0,0,0,1,0,0,5,0,1,0,0,1,0,2,12
2017,311,North Melbourne,0,1,0,0,1,0,0,0,0,0,0,0,0,0,0,0,0,0,0,0,2
2017,312,North Melbourne,0,0,0,0,1,0,1,1,0,1,0,0,0,0,0,0,0,0,0,1,5
2017,313,North Melbourne,0,0,0,0,2,2,0,1,0,0,0,0,1,0,0,0,0,0,0,0,6
2017,314,North Melbourne,0,1,0,0,1,0,0,0,0,0,0,0,0,0,0,0,0,0,0,2,4
2017,315,North Melbourne,0,0,0,6,0,0,0,1,0,0,0,0,0,0,0,0,0,1,0,0,8
2017,316,North Melbourne,0,0,0,1,0,0,0,0,0,0,0,0,0,0,0,0,0,0,0,0,1
2017,317,North Melbourne,0,0,0,0,0,0,0,0,0,1,1,0,0,2,0,0,0,0,1,0,5
2017,318,North Melbourne,0,0,0,0,0,0,0,0,0,0,1,0,0,1,0,0,0,0,0,0,2
2017,319,North Melbourne,0,0,0,0,0,0,0,0,0,1,0,1,0,0,0,0,0,0,0,0,2
2017,320,North Melbourne,0,0,0,1,0,0,0,0,0,0,0,0,0,0,0,0,0,0,0,0,1
2017,321,North Melbourne,0,0,0,1,0,0,0,0,0,0,0,0,0,0,0,0,0,0,0,0,1
2017,322,North Melbourne,0,0,0,0,0,0,0,0,0,0,0,0,0,3,0,0,0,0,0,1,4
2017,323,North Melbourne,0,1,0,0,0,1,0,0,0,0,0,0,1,2,0,0,0,0,1,1,7
2017,324,North Melbourne,0,0,0,1,0,0,0,0,0,0,0,0,0,0,0,0,0,0,0,0,1
2017,325,North Melbourne,0,0,0,0,0,0,0,0,0,0,0,0,0,0,0,0,0,0,0,0,0
2017,326,North Melbourne,0,0,0,1,0,0,0,0,0,3,0,0,0,2,0,0,0,2,0,0,8
2017,327,North Melbourne,0,0,0,0,0,0,0,0,0,2,1,0,0,0,0,0,0,1,0,0,4
2017,328,North Melbourne,0,0,0,0,0,0,1,0,0,0,0,0,0,0,0,0,0,0,0,0,1
2017,329,North Melbourne,0,0,0,0,0,0,1,0,2,0,0,0,0,1,0,0,0,0,0,0,4
2017,330,North Melbourne,0,0,0,0,0,0,0,1,0,0,0,0,0,0,0,0,0,0,0,0,1
2017,331,North Melbourne,0,0,0,0,2,0,0,0,0,0,0,2,1,6,0,0,0,0,0,2,13
2017,332,North Melbourne,0,0,0,1,2,0,0,0,1,0,0,0,7,2,0,0,0,0,2,0,15
2017,333,North Melbourne,0,0,0,0,0,0,0,0,3,2,1,1,0,4,0,1,0,3,0,0,15
2017,334,North Melbourne,0,0,0,0,3,0,0,0,1,2,2,0,2,1,0,0,0,2,0,0,13
2017,335,North Melbourne,0,1,0,0,10,1,2,0,4,3,3,1,2,1,1,2,0,3,1,4,39
2017,336,North Melbourne,0,0,0,0,3,1,0,0,0,0,0,1,1,1,0,0,0,0,0,2,9
2017,337,North Melbourne,0,0,0,0,1,3,0,1,0,0,0,1,0,1,0,0,0,5,1,3,16
2017,338,North Melbourne,0,0,0,0,0,1,0,0,0,0,1,0,4,1,0,0,0,0,0,0,7
2017,339,North Melbourne,0,0,0,1,0,0,1,0,0,0,0,0,1,0,0,0,0,0,0,2,5
2017,340,North Melbourne,0,0,0,0,0,0,0,0,0,1,1,0,1,3,0,0,0,0,0,1,7
2017,341,North Melbourne,0,0,0,1,1,0,0,0,0,2,0,0,0,1,1,0,0,1,0,4,11
2017,342,North Melbourne,0,0,0,1,4,4,1,0,0,0,0,0,0,1,1,0,0,2,0,0,14
2017,343,North Melbourne,0,0,0,1,2,2,2,0,0,0,1,0,1,1,0,1,0,3,0,1,15
2017,344,North Melbourne,0,1,0,0,0,0,0,0,0,1,0,0,0,0,0,0,0,0,0,0,2
2017,345,North Melbourne,0,1,0,3,2,0,2,1,3,18,5,1,1,10,0,2,0,8,1,0,58
2017,346,North Melbourne,0,0,0,0,3,1,0,0,1,4,2,0,1,5,0,1,0,8,1,0,27
2017,347,North Melbourne,0,0,0,1,0,0,0,0,0,2,0,0,1,0,0,0,0,0,0,0,4
2017,348,North Melbourne,0,0,0,0,0,0,0,0,0,0,1,0,0,0,0,0,0,0,0,0,1
2017,349,North Melbourne,0,0,0,0,1,0,0,0,0,0,0,0,0,0,0,0,0,0,0,0,1
2017,350,North Melbourne,0,0,0,0,0,0,0,0,0,0,0,0,0,0,0,0,0,0,0,0,0
2017,351,North Melbourne,0,0,0,1,0,0,0,0,0,0,0,0,0,0,0,0,0,0,0,0,1
2017,352,North Melbourne,1,0,0,0,0,0,0,1,0,0,0,0,0,0,0,0,0,0,0,0,2
2017,353,North Melbourne,2,0,0,0,1,0,1,0,0,1,9,0,1,1,0,0,0,1,0,0,17
2017,354,North Melbourne,0,3,0,2,7,2,2,0,0,12,3,2,0,11,0,2,0,9,2,3,60
2017,355,North Melbourne,1,1,0,0,10,1,0,0,3,1,3,1,1,2,0,0,0,1,0,1,26
2017,356,North Melbourne,1,1,0,0,5,0,3,0,0,3,0,1,2,5,1,1,0,4,0,3,30
2017,357,North Melbourne,0,0,0,0,4,1,4,0,1,5,4,0,1,12,0,1,0,1,2,2,38
2017,358,North Melbourne,1,0,0,1,1,0,0,0,0,3,0,0,1,4,0,0,0,4,3,0,18
2017,359,North Melbourne,0,2,0,1,5,2,1,1,0,1,1,0,0,1,1,0,0,1,0,1,18
2017,360,North Melbourne,0,0,0,1,0,0,2,0,0,3,1,2,0,2,0,0,0,6,0,1,18
2017,361,North Melbourne,0,2,0,0,2,0,0,0,0,5,0,1,0,4,1,0,0,1,0,0,16
2017,362,North Melbourne,2,1,0,0,0,0,2,0,0,6,4,0,0,0,0,0,0,4,0,0,19
2017,363,North Melbourne,0,0,0,0,0,0,0,0,0,0,0,0,0,0,0,0,0,5,0,0,5
2017,364,North Melbourne,1,0,0,1,1,0,0,0,0,0,0,0,0,0,0,0,2,0,0,0,5
2017,365,North Melbourne,0,1,0,2,4,0,0,0,0,0,0,0,0,0,0,0,0,1,0,0,8
2017,366,North Melbourne,1,0,0,0,0,0,0,0,0,1,0,0,0,0,0,0,0,0,0,0,2
2017,367,North Melbourne,1,0,0,0,0,0,1,0,0,0,0,0,0,2,0,0,0,0,0,0,4
2017,368,North Melbourne,2,0,0,0,0,0,0,0,0,1,0,0,1,4,0,0,0,0,0,0,8
2017,369,North Melbourne,0,0,0,0,5,0,0,0,0,4,1,1,1,4,0,1,0,1,2,1,21
2017,370,North Melbourne,1,0,0,0,3,1,0,1,0,1,0,0,0,0,0,1,0,1,1,0,10
2017,371,North Melbourne,0,0,0,0,1,0,0,0,0,0,0,0,0,0,0,0,0,0,0,0,1
2017,372,North Melbourne,0,0,0,0,0,0,0,0,0,0,0,0,0,0,0,0,0,0,0,0,0
2017,373,North Melbourne,0,0,0,1,0,0,0,1,0,0,0,0,0,0,0,0,0,0,0,0,2
2017,374,North Melbourne,0,0,0,1,0,0,0,0,0,0,0,0,0,0,0,0,0,0,0,0,1
2017,375,North Melbourne,1,1,0,0,3,2,0,0,0,3,3,0,0,2,1,0,0,0,0,1,17
2017,376,North Melbourne,0,2,0,15,3,0,0,1,0,1,5,0,0,4,1,0,0,1,1,0,34
2017,377,North Melbourne,0,3,0,0,11,2,1,0,0,6,36,0,1,6,0,1,0,0,0,0,67
2017,378,North Melbourne,1,0,0,2,2,1,0,0,0,1,2,0,0,1,0,0,0,2,0,0,12
2017,379,North Melbourne,0,0,0,0,0,0,1,0,0,0,0,0,0,0,0,0,0,0,0,0,1
2017,380,North Melbourne,1,0,0,1,0,0,0,0,0,0,0,0,0,0,0,0,0,0,0,0,2
2017,401,West Melbourne (Residential),0,0,0,0,0,0,0,0,0,0,0,0,0,0,0,0,0,0,0,1,1
2017,402,West Melbourne (Residential),0,0,0,0,2,1,0,0,0,0,0,0,0,0,0,0,1,0,0,0,4
2017,403,West Melbourne (Residential),0,1,0,0,2,1,0,0,0,0,0,1,0,0,0,0,0,2,1,2,10
2017,404,West Melbourne (Residential),0,0,0,0,0,2,0,0,0,0,0,0,0,0,0,0,0,0,0,1,3
2017,405,West Melbourne (Residential),0,0,0,0,0,0,0,0,0,0,0,0,0,0,0,0,0,1,0,1,2
2017,406,West Melbourne (Residential),0,0,0,0,1,0,0,0,0,0,0,0,0,0,0,0,0,0,0,0,1
2017,407,West Melbourne (Residential),0,0,0,0,1,0,0,0,0,0,0,0,0,0,0,0,0,0,0,0,1
2017,408,West Melbourne (Residential),0,0,0,1,0,0,0,0,0,0,0,0,0,0,0,0,0,0,0,0,1
2017,409,West Melbourne (Residential),0,0,0,0,0,0,0,1,0,1,0,0,0,1,0,0,0,1,1,0,5
2017,410,West Melbourne (Residential),0,0,0,0,0,0,0,0,0,0,0,0,0,0,0,0,0,0,0,0,0
2017,411,West Melbourne (Residential),0,0,0,0,0,0,0,0,0,0,0,0,0,0,0,0,0,0,0,0,0
2017,412,West Melbourne (Residential),0,0,0,0,1,0,1,1,0,0,0,0,1,0,0,0,0,0,0,0,4
2017,413,West Melbourne (Residential),0,0,0,0,0,1,0,0,0,2,0,2,1,1,0,0,0,0,0,2,9
2017,414,West Melbourne (Residential),1,3,0,0,9,0,1,0,1,1,0,1,1,2,0,0,1,0,0,0,21
2017,415,West Melbourne (Residential),0,0,0,0,1,0,0,0,0,1,0,0,0,0,0,0,0,0,0,0,2
2017,416,West Melbourne (Residential),0,0,0,1,0,0,0,0,0,0,0,0,0,0,0,0,0,0,0,0,1
2017,418,West Melbourne (Residential),0,0,0,0,1,0,0,0,0,0,0,0,0,0,1,0,0,0,0,1,3
2017,419,West Melbourne (Residential),0,0,0,1,3,1,0,2,2,1,1,0,0,1,0,0,0,0,0,0,12
2017,420,West Melbourne (Residential),1,0,0,0,1,0,0,0,0,0,0,0,0,0,0,0,0,0,0,1,3
2017,421,West Melbourne (Residential),0,0,0,1,0,0,0,0,0,0,0,0,0,0,0,0,0,0,0,0,1
2017,422,West Melbourne (Residential),0,0,0,0,0,0,0,0,0,0,0,0,0,1,0,0,0,0,0,0,1
2017,423,West Melbourne (Residential),0,0,0,2,0,0,0,0,0,5,0,0,0,2,0,0,0,4,0,0,13
2017,424,West Melbourne (Residential),0,1,0,0,0,0,0,0,0,5,3,0,0,5,0,0,0,2,0,0,16
2017,425,West Melbourne (Residential),0,0,0,1,0,0,0,0,0,0,1,0,0,0,0,0,0,0,0,0,2
2017,426,West Melbourne (Residential),0,0,0,0,6,0,0,0,1,0,0,0,0,1,1,0,0,3,1,1,14
2017,427,West Melbourne (Residential),0,1,0,0,2,1,1,0,0,2,1,0,0,5,0,0,0,3,0,2,18
2017,428,West Melbourne (Residential),0,0,0,0,0,0,0,0,0,0,0,0,1,1,0,0,0,2,1,2,7
2017,429,West Melbourne (Residential),0,0,0,1,4,1,3,0,0,0,0,0,0,1,0,0,1,0,0,2,13
2017,430,West Melbourne (Residential),0,0,0,0,2,0,0,0,0,4,2,0,2,1,0,0,0,2,0,1,14
2017,431,West Melbourne (Residential),0,1,0,1,7,0,0,1,0,0,1,0,1,2,0,1,0,3,1,2,21
2017,432,West Melbourne (Residential),0,0,0,1,0,0,3,0,0,3,0,1,0,1,0,0,0,0,2,0,11
2017,433,West Melbourne (Residential),0,0,0,1,0,0,1,0,0,0,0,0,0,0,0,0,0,0,0,0,2
2017,434,West Melbourne (Residential),0,1,0,0,5,0,1,0,3,4,1,1,1,1,0,2,0,3,1,1,25
2017,435,West Melbourne (Residential),1,0,0,0,0,0,0,0,0,6,1,2,1,3,0,0,0,10,3,0,27
2017,436,West Melbourne (Residential),0,0,0,0,0,0,0,0,0,0,0,0,0,0,0,0,0,0,0,0,0
2017,437,West Melbourne (Residential),0,0,0,0,2,1,0,0,0,1,0,0,0,1,0,0,0,0,0,0,5
2017,438,West Melbourne (Residential),2,0,0,0,0,1,0,1,0,0,0,1,0,0,0,0,0,0,1,1,7
2017,439,West Melbourne (Residential),0,0,0,0,9,0,0,1,0,1,0,0,0,3,0,0,0,1,0,1,16
2017,440,West Melbourne (Residential),0,0,0,2,6,0,1,0,0,0,2,0,2,2,0,1,0,0,1,0,17
2017,441,West Melbourne (Residential),1,0,0,0,0,0,0,0,0,1,0,0,0,1,0,0,0,1,0,0,4
2017,442,West Melbourne (Residential),0,0,0,1,1,0,0,0,0,0,0,0,0,0,0,0,0,0,0,1,3
2017,443,West Melbourne (Residential),0,1,0,0,0,0,0,0,0,0,1,0,0,0,0,0,0,1,0,0,3
2017,444,West Melbourne (Residential),0,1,0,0,9,1,1,0,2,1,1,0,0,2,1,0,0,0,1,2,22
2017,445,West Melbourne (Residential),0,0,0,0,0,0,0,0,0,0,0,0,0,0,1,0,0,0,0,0,1
2017,501,West Melbourne (Industrial),0,0,0,2,2,0,0,1,0,0,0,0,3,1,2,0,0,0,2,4,17
2017,502,West Melbourne (Industrial),0,0,0,0,0,0,0,1,0,0,0,1,1,0,0,0,1,1,5,19,29
2017,503,Kensington,0,0,0,1,4,15,1,0,0,6,0,0,18,4,1,0,1,3,2,8,64
2017,504,Kensington,0,1,0,2,0,0,0,0,0,0,0,0,0,0,0,0,2,1,1,1,8
2017,505,Kensington,0,0,0,0,1,1,0,0,0,2,0,1,1,4,0,0,0,1,0,1,12
2017,506,North Melbourne,0,2,0,0,0,0,0,3,0,0,0,0,0,0,0,0,0,0,1,1,7
2017,507,Kensington,0,0,0,1,0,1,1,0,0,0,0,2,2,3,0,0,0,1,0,0,11
2017,508,Kensington,0,1,0,0,2,1,1,0,0,1,0,0,3,1,1,0,0,0,0,3,14
2017,509,Kensington,0,1,0,8,5,1,0,0,0,0,0,1,3,0,0,0,0,0,1,0,20
2017,510,Kensington,0,0,0,0,0,0,0,0,0,0,0,0,0,0,0,0,0,0,0,0,0
2017,511,Kensington,0,0,0,0,0,0,0,0,0,0,0,0,0,0,0,0,0,0,0,1,1
2017,512,Kensington,0,0,0,0,0,0,0,0,0,1,0,0,2,0,0,0,1,0,0,0,4
2017,513,Kensington,0,0,0,0,1,0,0,1,0,2,0,0,1,0,0,0,0,1,0,1,7
2017,514,Kensington,0,0,0,0,0,0,0,0,0,0,0,0,0,0,0,0,0,0,0,0,0
2017,515,Kensington,0,0,0,0,0,0,0,0,0,0,0,0,0,0,0,0,0,0,0,0,0
2017,516,Kensington,0,0,0,0,0,0,0,0,0,0,0,0,0,0,0,0,0,0,0,0,0
2017,517,Kensington,0,0,0,0,0,0,0,0,0,0,0,0,0,0,0,0,0,0,0,0,0
2017,518,Kensington,0,0,0,0,0,0,0,0,0,0,0,0,0,0,0,0,0,0,0,0,0
2017,519,Kensington,0,1,0,5,0,0,0,0,0,0,2,0,0,0,0,0,0,0,0,0,8
2017,520,Kensington,0,0,0,1,0,0,0,0,0,1,2,0,0,0,0,0,0,0,0,0,4
2017,521,Kensington,0,0,0,0,0,0,0,0,0,0,0,0,0,0,0,0,0,0,0,0,0
2017,522,Kensington,0,0,0,0,0,0,0,0,0,0,0,0,0,0,0,0,0,0,0,0,0
2017,523,Kensington,0,0,0,0,0,0,1,0,0,1,3,0,0,0,0,0,0,1,0,0,6
2017,524,Kensington,0,0,0,1,0,0,0,0,0,4,2,0,0,1,0,1,0,1,1,1,12
2017,525,Kensington,0,0,0,0,0,0,0,1,0,1,0,0,0,1,0,0,0,0,0,0,3
2017,526,Kensington,0,0,0,0,0,0,0,0,0,0,0,0,0,1,0,0,0,0,0,0,1
2017,527,Kensington,0,0,0,1,0,0,0,0,0,0,0,0,0,0,0,0,0,0,0,0,1
2017,528,Kensington,0,0,0,2,0,0,0,0,0,0,0,0,0,0,0,0,0,0,0,0,2
2017,529,Kensington,0,0,0,1,0,0,0,0,0,0,0,0,0,0,0,0,0,0,0,0,1
2017,530,Kensington,0,0,0,2,0,0,0,1,0,0,0,0,0,0,0,0,0,0,0,0,3
2017,531,Kensington,0,0,0,1,0,0,0,0,0,0,0,0,0,0,0,0,0,0,0,0,1
2017,532,Kensington,0,0,0,0,0,0,0,0,0,0,0,0,0,0,0,0,0,0,0,0,0
2017,533,Kensington,0,0,0,0,0,0,0,0,0,0,0,0,0,0,0,0,0,0,0,0,0
2017,534,Kensington,0,0,0,1,0,0,0,0,0,0,0,0,0,0,0,0,0,0,0,0,1
2017,535,Kensington,0,0,0,0,0,0,0,1,0,0,0,0,0,0,0,0,0,0,0,0,1
2017,536,Kensington,0,0,0,0,0,0,0,0,0,0,0,0,0,0,0,0,0,0,0,0,0
2017,537,Kensington,0,0,0,1,0,0,0,0,0,0,0,0,0,0,0,0,0,0,0,0,1
2017,538,Kensington,0,0,0,1,0,0,0,0,0,0,0,0,0,0,0,0,0,0,0,0,1
2017,539,Kensington,0,1,0,3,0,0,0,0,0,0,0,0,3,1,0,0,1,0,1,0,10
2017,540,Kensington,0,0,0,1,0,0,0,0,0,0,0,0,0,0,0,0,0,0,0,0,1
2017,541,Kensington,0,0,0,0,0,0,0,0,0,0,0,0,0,0,0,0,0,0,0,0,0
2017,542,Kensington,0,0,0,1,0,0,0,0,0,0,0,0,0,0,0,0,0,0,0,0,1
2017,543,Kensington,0,0,0,0,0,0,0,0,0,0,0,0,0,0,0,0,0,0,0,0,0
2017,544,Kensington,0,0,0,0,0,0,0,0,0,0,0,0,0,0,0,0,0,0,0,0,0
2017,545,Kensington,0,0,0,0,0,0,0,0,0,0,0,0,0,0,0,0,0,0,0,0,0
2017,546,Kensington,0,0,0,0,0,0,0,0,0,0,0,0,0,0,0,0,0,0,0,0,0
2017,547,Kensington,0,0,0,0,1,0,0,0,0,1,0,0,0,0,0,0,0,0,0,0,2
2017,548,Kensington,0,0,0,0,0,0,0,0,0,0,0,0,0,0,0,0,0,0,0,0,0
2017,549,Kensington,0,0,0,2,0,0,0,0,0,0,0,0,0,0,0,0,0,0,0,0,2
2017,550,Kensington,0,0,0,2,0,0,0,1,0,0,0,0,0,0,0,0,0,0,0,0,3
2017,551,Kensington,0,0,0,0,0,0,0,0,0,0,0,0,0,0,0,0,0,0,0,0,0
2017,552,Kensington,0,0,0,0,0,0,0,0,0,0,0,0,0,0,0,0,0,0,0,0,0
2017,553,Kensington,0,0,0,1,0,0,0,0,0,0,0,0,0,0,0,0,0,0,0,0,1
2017,554,Kensington,0,0,0,3,0,0,0,0,0,0,0,0,0,0,0,0,0,0,0,0,3
2017,555,Kensington,0,0,0,0,0,0,0,0,0,0,0,0,0,0,0,0,0,0,0,0,0
2017,556,Kensington,0,0,0,0,0,0,0,0,0,0,0,0,0,0,0,0,0,0,0,0,0
2017,557,Kensington,0,0,0,0,0,0,0,0,0,0,0,0,0,0,0,0,0,0,0,0,0
2017,558,Kensington,0,0,0,2,0,0,0,1,0,0,0,0,0,0,0,0,0,0,0,0,3
2017,559,Kensington,0,0,0,0,0,0,0,1,0,3,0,0,0,0,0,0,0,3,0,0,7
2017,560,Kensington,0,0,0,2,0,0,0,0,0,0,1,0,0,0,0,0,0,0,0,0,3
2017,561,Kensington,0,0,0,1,0,0,0,0,0,0,0,0,0,0,0,0,0,0,0,0,1
2017,562,Kensington,0,0,0,1,1,0,0,0,0,0,0,0,0,0,0,0,0,0,0,1,3
2017,563,Kensington,0,0,0,2,0,0,0,0,0,0,0,0,0,0,0,0,0,0,0,0,2
2017,564,Kensington,0,0,0,0,0,0,0,0,0,0,0,0,0,0,0,0,0,0,0,0,0
2017,565,Kensington,0,0,0,0,0,0,0,0,0,0,0,0,0,0,0,0,0,0,0,0,0
2017,566,Kensington,0,0,0,0,0,0,0,0,0,0,0,0,0,0,0,0,0,0,0,0,0
2017,567,Kensington,0,0,0,0,0,0,0,0,0,0,0,0,0,0,0,0,0,0,0,0,0
2017,568,Kensington,0,0,0,0,0,0,0,0,0,0,0,0,0,0,0,0,0,0,0,0,0
2017,569,Kensington,0,0,0,1,0,0,0,0,0,0,0,0,0,0,0,0,0,0,0,0,1
2017,570,Kensington,1,0,2,19,1,0,0,1,0,1,0,0,0,3,0,0,0,0,0,0,28
2017,571,Kensington,0,0,0,2,0,0,0,0,1,8,2,1,1,4,0,2,0,9,1,0,31
2017,601,East Melbourne,1,0,0,0,0,0,0,0,0,0,1,0,0,3,0,0,0,0,0,0,5
2017,602,East Melbourne,0,0,0,0,1,0,0,0,0,0,0,0,0,0,0,0,0,0,0,0,1
2017,603,East Melbourne,0,0,0,1,0,0,0,0,0,0,0,0,0,0,0,0,0,2,0,0,3
2017,604,East Melbourne,0,0,0,0,0,0,0,0,0,0,0,0,0,0,0,0,0,0,0,0,0
2017,605,East Melbourne,0,0,0,0,0,0,0,0,0,0,0,0,0,0,0,0,0,1,0,0,1
2017,606,East Melbourne,4,1,0,0,3,1,0,0,0,2,5,0,0,2,0,0,0,0,0,0,18
2017,607,East Melbourne,2,1,0,0,9,1,0,1,1,8,12,1,1,4,0,1,0,2,1,0,45
2017,608,East Melbourne,0,0,0,0,0,0,0,1,0,0,0,1,0,0,0,0,0,0,0,0,2
2017,609,East Melbourne,0,0,0,0,0,0,0,0,0,0,0,0,0,0,0,0,0,0,0,0,0
2017,610,East Melbourne,1,0,0,0,0,0,0,0,0,0,0,0,0,0,0,0,0,0,0,0,1
2017,611,East Melbourne,0,0,0,2,1,0,0,1,0,0,2,0,0,1,0,0,0,0,0,0,7
2017,612,East Melbourne,2,0,0,0,2,1,0,0,0,1,2,1,0,0,0,1,0,0,0,0,10
2017,613,East Melbourne,6,0,0,1,2,0,0,0,1,5,17,0,0,4,0,2,0,2,0,0,40
2017,614,East Melbourne,2,0,0,0,1,0,0,0,0,1,5,0,0,3,0,0,0,1,0,0,13
2017,615,East Melbourne,0,0,0,0,0,0,0,0,0,2,69,0,0,0,0,0,0,1,0,0,72
2017,616,East Melbourne,1,0,0,2,0,0,0,0,0,0,0,0,0,0,0,0,0,0,0,0,3
2017,617,East Melbourne,1,0,0,0,0,0,0,0,0,0,1,0,0,1,0,0,0,1,0,0,4
2017,618,East Melbourne,1,0,0,0,4,1,1,0,0,5,5,1,1,0,0,0,0,0,0,0,19
2017,619,East Melbourne,0,3,0,4,0,0,0,1,0,2,0,0,0,0,1,0,0,0,0,0,11
2017,620,East Melbourne,0,0,0,0,1,0,3,0,0,1,38,2,0,2,1,0,0,1,0,0,49
2017,621,East Melbourne,0,1,0,1,7,0,4,0,4,3,15,1,1,6,1,0,0,0,0,2,46
2017,642,East Melbourne,0,0,0,3,0,0,1,0,0,0,0,0,0,0,0,0,0,0,0,0,4
2017,643,East Melbourne,0,0,0,1,0,0,0,0,0,0,0,0,0,0,0,0,0,0,0,0,1
2017,644,East Melbourne,1,0,0,2,13,0,1,0,1,5,32,0,2,7,3,1,0,0,0,0,68
2017,645,East Melbourne,0,0,0,1,0,0,0,0,0,1,3,0,0,0,0,0,0,0,0,0,5
2017,646,East Melbourne,2,2,0,2,12,0,1,0,1,2,25,2,0,4,0,0,0,0,0,1,54
2017,649,East Melbourne,0,1,0,2,1,0,0,0,0,1,0,0,0,2,3,0,0,1,0,0,11
2017,650,East Melbourne,0,0,0,0,0,0,0,0,0,0,0,0,0,2,0,0,0,0,0,0,2
2017,651,East Melbourne,3,0,0,1,1,0,0,0,0,3,4,0,0,4,0,0,0,0,0,0,16
2017,652,East Melbourne,0,0,0,2,0,0,1,0,0,1,0,0,0,1,12,0,0,0,0,0,17
2017,653,East Melbourne,0,0,0,1,0,0,0,0,0,0,0,0,0,1,0,0,0,0,0,0,2
2017,654,Melbourne (Remainder),0,0,0,0,0,0,0,0,0,0,0,0,0,1,0,0,0,0,0,0,1
2017,655,East Melbourne,1,0,0,2,3,0,1,0,1,1,1,0,0,0,0,0,0,0,0,0,10
2017,656,East Melbourne,2,3,0,4,13,2,0,0,5,1,3,0,0,4,0,2,2,0,0,1,42
2017,657,East Melbourne,0,0,0,0,0,0,0,0,0,0,2,0,0,0,0,0,0,0,0,0,2
2017,658,East Melbourne,0,1,0,9,0,0,0,2,0,1,0,0,0,0,0,0,0,0,0,0,13
2017,659,Melbourne (Remainder),0,0,0,8,0,0,0,0,0,5,0,0,0,1,0,0,0,0,1,0,15
2017,660,Melbourne (Remainder),0,1,0,11,1,0,0,0,0,3,2,0,0,1,0,1,0,1,1,0,22
2017,661,East Melbourne,0,0,0,2,0,0,0,0,0,0,0,0,0,0,0,0,0,0,0,0,2
2017,662,East Melbourne,0,0,0,1,0,0,0,0,0,0,0,0,0,0,0,0,0,0,1,0,2
2017,663,Melbourne (Remainder),0,0,0,2,0,0,0,0,0,0,0,0,0,1,0,0,0,0,0,0,3
2017,710,Melbourne (Remainder),1,0,0,0,1,0,1,0,0,5,2,0,0,1,0,0,0,4,1,0,16
2017,720,Melbourne (Remainder),0,1,0,2,18,2,3,0,10,11,4,2,7,6,2,2,0,3,0,4,77
2017,724,Melbourne (Remainder),0,4,0,0,6,0,2,0,1,12,3,0,0,1,1,2,0,2,1,0,35
2017,728,Southbank,0,0,0,2,0,0,0,0,0,0,0,0,0,0,0,0,0,0,0,0,2
2017,729,Southbank,1,0,0,0,0,0,0,0,0,0,1,0,0,2,0,1,3,1,0,0,9
2017,730,Southbank,1,2,0,0,0,1,0,0,0,0,0,1,0,0,0,0,0,1,1,0,7
2017,731,Southbank,0,0,0,0,0,0,0,0,0,1,0,0,0,0,0,0,0,0,0,0,1
2017,732,Southbank,1,0,0,0,0,0,0,1,0,2,0,0,0,1,0,1,1,1,0,0,8
2017,733,Southbank,0,0,0,2,0,1,0,0,0,0,0,0,0,0,0,0,0,0,0,0,3
2017,734,Southbank,1,0,1,0,3,4,0,2,1,0,1,0,0,1,2,1,0,2,0,0,19
2017,735,Southbank,0,0,0,0,1,1,1,1,0,0,0,0,0,2,0,2,0,0,0,1,9
2017,736,Southbank,1,0,0,0,0,1,0,1,0,0,0,0,0,1,0,0,0,0,1,0,5
2017,737,Southbank,0,0,0,0,3,0,1,1,0,0,0,0,0,0,1,0,0,0,0,0,6
2017,738,Southbank,0,0,0,3,0,0,0,1,0,0,0,1,0,0,1,0,0,0,0,0,6
2017,739,Southbank,0,0,0,2,0,0,2,1,0,2,0,0,0,0,0,0,0,0,0,0,7
2017,740,Southbank,0,0,0,0,0,0,0,0,0,2,0,0,0,0,0,0,0,3,1,0,6
2017,741,Southbank,0,0,0,12,5,0,2,1,1,2,3,0,0,0,0,0,0,2,0,0,28
2017,742,Southbank,0,0,0,1,0,0,0,3,0,1,0,0,0,0,0,0,0,0,0,0,5
2017,743,Southbank,0,0,0,1,0,0,0,0,0,0,0,0,0,0,0,0,0,0,0,0,1
2017,744,Southbank,0,0,0,0,7,1,0,1,0,1,0,0,1,1,0,0,0,0,2,0,14
2017,745,Southbank,0,0,0,2,0,1,1,0,0,0,0,0,0,1,0,0,0,0,0,0,5
2017,746,Southbank,0,2,2,2,15,6,0,1,3,2,3,7,2,2,0,3,0,3,0,8,61
2017,747,Southbank,0,0,0,0,1,2,0,0,0,2,0,2,0,0,0,0,0,0,0,0,7
2017,748,Southbank,1,4,0,0,8,2,2,1,3,4,1,2,0,1,0,2,0,3,1,1,36
2017,749,Southbank,0,0,0,0,0,0,0,0,0,0,1,0,0,0,1,0,0,0,0,0,2
2017,750,Southbank,0,1,0,0,2,0,0,0,1,0,1,0,0,0,0,1,0,0,0,0,6
2017,751,Southbank,0,0,0,0,0,0,2,0,0,1,0,0,0,0,0,0,0,0,0,0,3
2017,752,Southbank,0,0,0,3,0,0,0,0,0,11,0,0,0,1,0,0,0,0,0,0,15
2017,753,Southbank,2,5,2,1,16,1,0,1,7,35,4,1,3,6,1,3,0,9,4,2,103
2017,759,Melbourne (Remainder),0,3,0,1,12,2,0,1,5,2,0,1,0,5,0,1,0,0,0,2,35
2017,760,Melbourne (Remainder),0,4,0,0,14,4,1,0,9,4,52,0,1,3,4,2,1,2,3,2,106
2017,771,Docklands,0,0,0,0,0,0,0,0,0,0,0,0,0,0,0,0,0,0,0,0,0
2017,772,Docklands,0,0,0,0,4,2,1,0,2,0,1,3,0,1,0,1,0,1,4,3,23
2017,773,Docklands,0,1,0,2,3,2,0,1,0,6,1,0,1,4,0,6,0,2,1,1,31
2017,774,Port Melbourne,0,0,0,0,0,1,0,0,0,1,0,1,2,0,1,0,0,1,0,0,7
2017,775,Port Melbourne,0,1,0,0,3,5,0,0,0,1,1,1,4,1,1,0,1,1,4,5,29
2017,776,Docklands,0,0,0,0,0,0,0,0,0,0,0,0,0,0,0,0,0,1,0,0,1
2017,777,Port Melbourne,0,0,0,0,0,2,0,0,0,0,0,0,0,0,0,0,1,0,0,0,3
2017,778,Port Melbourne,0,1,0,0,3,3,2,0,0,0,0,5,6,0,0,1,1,1,0,4,27
2017,779,Port Melbourne,0,0,0,0,3,2,0,2,0,2,0,0,0,0,0,0,0,0,1,1,11
2017,780,Port Melbourne,0,0,0,0,0,0,0,1,0,0,0,0,1,0,0,0,0,0,0,0,2
2017,781,Port Melbourne,1,9,0,1,27,8,0,0,4,2,2,2,18,1,2,2,3,6,10,13,111
2017,782,Port Melbourne,0,0,0,0,1,0,0,1,0,0,0,0,1,0,0,0,1,1,2,2,9
2017,783,Docklands,0,0,0,0,0,0,0,0,0,0,0,0,2,0,0,0,0,0,2,0,4
2017,784,Port Melbourne,0,3,0,0,13,9,0,0,2,1,0,6,8,1,2,3,0,3,1,11,63
2017,785,Port Melbourne,0,1,0,0,1,2,1,0,0,2,0,0,2,1,1,0,0,1,6,1,19
2017,786,Port Melbourne,0,1,1,5,7,3,1,0,0,6,1,4,12,4,2,0,1,3,0,6,57
2017,787,Port Melbourne,0,0,0,0,0,2,0,0,0,2,0,0,1,0,1,0,2,2,0,2,12
2017,788,Port Melbourne,0,0,0,0,0,0,0,0,0,1,0,0,0,0,0,0,0,1,0,0,2
2017,789,Port Melbourne,0,0,0,2,0,0,0,0,0,0,0,1,0,0,0,0,0,0,0,0,3
2017,790,Port Melbourne,0,9,0,1,15,33,3,2,3,4,1,2,26,6,0,1,3,5,6,25,145
2017,791,Port Melbourne,1,2,0,0,2,2,0,0,0,1,0,0,6,2,0,0,2,0,2,1,21
2017,793,Port Melbourne,0,0,0,0,0,0,0,1,0,0,0,0,0,0,0,0,0,0,2,0,3
2017,794,Port Melbourne,0,0,0,0,0,0,0,0,0,0,0,0,0,0,0,0,0,0,4,0,4
2017,795,Port Melbourne,0,0,0,0,0,0,0,0,0,0,0,0,0,0,0,0,0,0,8,0,8
2017,801,Southbank,1,5,3,2,14,3,0,0,7,7,1,4,0,3,1,2,0,5,0,0,58
2017,802,Southbank,0,1,2,1,18,2,0,2,3,22,2,0,4,5,0,4,0,6,1,2,75
2017,803,Southbank,1,1,0,3,0,0,0,0,0,40,0,1,0,1,0,0,0,18,0,0,65
2017,804,Southbank,1,6,0,2,4,0,0,0,1,34,5,1,1,6,0,5,0,162,1,1,230
2017,806,Southbank,1,0,0,1,0,1,1,0,0,5,1,0,0,1,0,0,0,12,0,0,23
2017,807,Southbank,1,0,0,0,0,0,0,0,0,2,0,0,1,0,0,0,0,0,0,0,4
2017,808,Southbank,0,1,0,3,5,5,1,2,0,4,1,0,0,0,0,3,0,7,1,1,34
2017,809,Southbank,0,0,0,0,0,1,0,0,0,1,3,1,0,0,0,0,0,0,0,0,6
2017,810,Southbank,2,0,0,0,0,0,0,0,0,0,0,0,0,0,0,1,0,1,0,0,4
2017,811,Southbank,2,0,0,0,0,0,0,1,0,2,0,0,0,0,0,1,0,0,0,0,6
2017,812,Southbank,3,4,0,0,17,5,2,0,3,7,4,0,1,3,0,2,0,2,0,1,54
2017,813,Southbank,0,0,0,4,0,0,1,0,0,1,1,0,0,1,0,0,0,0,0,0,8
2017,814,Southbank,0,0,0,0,0,0,0,0,0,1,0,0,1,0,0,0,0,0,0,0,2
2017,815,Southbank,1,0,0,0,0,1,0,0,0,3,0,1,0,1,0,1,0,0,0,0,8
2017,849,South Yarra,0,0,0,1,0,0,0,0,0,0,0,0,0,0,0,0,0,0,0,0,1
2017,850,Melbourne (Remainder),0,0,0,11,0,0,0,1,0,0,0,0,0,2,0,0,0,0,0,0,14
2017,851,Melbourne (Remainder),0,0,0,1,0,0,0,0,0,0,0,0,0,0,0,0,0,0,0,0,1
2017,852,Melbourne (Remainder),0,1,0,12,0,1,0,1,0,5,0,0,0,5,0,0,0,2,0,0,27
2017,853,South Yarra,0,0,0,0,0,0,0,0,0,0,0,0,0,0,0,0,0,0,0,0,0
2017,854,South Yarra,0,0,0,1,0,0,0,0,0,0,0,0,0,0,0,0,0,0,0,0,1
2017,855,South Yarra,0,0,0,0,0,0,2,1,0,0,0,0,0,0,0,0,0,0,0,0,3
2017,856,South Yarra,0,0,0,0,0,0,0,0,0,0,0,0,0,0,0,0,0,0,0,0,0
2017,857,South Yarra,0,0,0,0,0,0,0,0,0,0,0,0,0,0,1,0,0,0,0,0,1
2017,858,South Yarra,1,0,0,0,0,0,0,0,0,0,0,1,0,1,0,0,0,0,0,0,3
2017,859,South Yarra,0,0,0,0,0,0,0,0,0,0,0,0,0,0,0,0,0,0,0,0,0
2017,860,South Yarra,0,0,0,0,0,0,0,0,0,0,0,0,0,0,0,0,0,0,0,0,0
2017,861,South Yarra,0,0,0,0,0,0,4,1,0,6,0,0,1,1,0,0,0,4,0,0,17
2017,862,South Yarra,1,0,0,0,0,0,3,0,0,2,0,0,0,0,0,0,0,0,0,0,6
2017,863,Melbourne (Remainder),0,0,0,0,0,0,1,0,0,0,0,0,0,0,0,0,0,0,0,0,1
2017,864,South Yarra,0,0,0,0,0,0,0,1,0,0,0,0,0,2,0,0,0,0,0,0,3
2017,865,South Yarra,0,0,0,0,0,0,1,0,0,0,0,0,0,0,0,0,0,0,0,0,1
2017,866,South Yarra,0,1,0,2,0,0,2,2,0,1,1,0,0,1,0,0,0,0,0,0,10
2017,867,South Yarra,0,0,0,0,0,0,1,0,0,0,0,0,0,1,0,0,0,0,0,0,2
2017,868,South Yarra,0,0,0,0,0,0,2,0,0,0,0,0,0,1,0,0,0,0,0,0,3
2017,869,South Yarra,0,0,0,0,0,0,0,0,0,0,0,0,0,0,0,0,0,0,0,0,0
2017,870,Melbourne (Remainder),0,0,0,0,5,0,1,0,0,4,3,0,0,1,0,0,0,3,0,0,17
2017,871,Melbourne (Remainder),0,0,0,0,0,0,4,0,0,0,0,0,0,1,0,0,0,0,0,0,5
2017,901,Parkville,0,0,0,0,0,0,0,0,0,0,0,0,0,0,0,0,0,0,0,0,0
2017,902,Parkville,0,0,0,2,0,0,0,1,0,0,0,0,0,0,0,0,0,0,0,0,3
2017,903,Parkville,1,0,0,0,0,0,1,0,0,1,0,0,0,1,0,0,0,0,0,0,4
2017,904,Parkville,1,0,0,0,0,0,1,0,0,1,0,0,0,1,0,0,0,0,0,0,4
2017,905,Parkville,0,0,0,0,0,0,1,0,0,0,0,0,0,0,0,1,0,0,0,0,2
2017,906,Parkville,1,1,0,0,13,0,1,0,2,4,2,1,2,5,0,0,0,1,1,1,35
2017,907,Parkville,0,0,0,1,0,0,0,0,0,0,0,0,0,0,0,0,0,0,0,0,1
2017,908,Parkville,1,0,0,0,0,0,0,0,0,0,0,0,0,0,0,1,0,0,0,0,2
2017,909,Parkville,0,0,0,1,0,0,1,0,0,0,0,0,0,1,0,0,0,0,0,0,3
2017,910,Parkville,0,0,0,0,0,0,0,0,0,0,0,0,0,1,0,0,0,0,0,0,1
2017,911,Parkville,0,0,0,0,0,0,0,0,0,0,1,0,0,0,0,0,0,0,0,0,1
2017,912,Parkville,0,0,0,0,0,0,0,0,0,0,0,0,0,0,0,0,0,0,0,0,0
2017,913,Parkville,0,0,0,0,0,0,0,0,0,1,0,0,0,0,0,0,0,0,0,0,1
2017,914,Parkville,1,0,0,0,0,0,0,0,0,0,1,0,0,0,0,0,0,0,1,0,3
2017,915,Parkville,0,0,0,0,0,0,0,0,0,2,1,0,0,1,0,0,0,1,0,0,5
2017,916,Parkville,0,0,0,0,0,0,4,0,0,0,0,0,0,0,0,0,0,0,0,0,4
2017,917,Parkville,0,0,0,0,0,0,0,0,0,0,0,0,0,0,0,0,0,0,0,0,0
2017,918,Parkville,0,0,0,0,0,0,0,0,0,0,0,0,0,0,0,0,0,0,0,0,0
2017,919,Parkville,0,0,0,0,0,0,0,0,0,0,0,0,0,0,0,0,0,0,0,0,0
2017,920,Parkville,0,0,0,0,2,0,0,0,1,6,58,0,0,3,0,0,0,5,1,0,76
2017,921,Parkville,0,0,0,0,3,0,8,0,0,1,1,0,0,0,0,0,0,0,0,0,13
2017,922,Parkville,2,0,0,1,0,0,0,0,0,0,1,0,0,7,0,0,0,0,0,0,11
2017,923,Parkville,0,0,0,0,0,0,0,0,0,0,0,0,0,1,0,0,0,0,0,0,1
2017,924,Parkville,0,0,0,0,0,0,0,0,0,0,0,0,0,0,0,0,0,0,0,0,0
2017,925,Parkville,1,0,0,0,0,0,0,0,0,0,0,0,0,0,0,0,0,0,0,0,1
2017,926,Parkville,0,0,0,0,0,0,0,0,0,0,0,0,0,0,0,0,0,0,0,0,0
2017,927,Parkville,0,0,0,1,0,0,0,0,0,0,1,0,0,0,0,0,0,0,0,0,2
2017,928,Parkville,0,0,0,10,1,0,0,0,0,1,4,0,0,1,0,0,0,0,0,0,17
2017,929,Parkville,0,0,0,1,0,0,1,0,0,1,4,0,0,0,2,0,0,0,0,0,9
2017,930,Parkville,0,0,0,0,1,0,0,0,0,1,2,0,1,0,0,0,0,0,0,0,5
2017,931,Parkville,1,0,0,19,0,0,0,4,0,20,15,0,0,4,0,0,0,6,1,0,70
2017,1001,West Melbourne (Industrial),0,0,0,1,0,0,0,0,0,0,0,0,0,0,0,0,0,0,9,0,10
2017,1002,West Melbourne (Industrial),0,0,0,1,0,0,0,2,0,0,0,0,0,0,0,0,0,0,1,0,4
2017,1004,West Melbourne (Industrial),0,0,0,1,0,0,0,1,0,0,0,0,1,0,0,0,0,1,5,0,9
2017,1005,West Melbourne (Industrial),0,0,0,2,0,1,0,2,0,2,0,0,0,1,0,1,0,2,4,0,15
2017,1006,West Melbourne (Industrial),0,0,0,1,0,0,0,1,0,1,0,1,0,0,0,0,0,0,9,0,13
2017,1007,West Melbourne (Industrial),0,0,0,0,0,0,0,2,0,1,0,0,0,0,0,0,0,0,12,0,15
2017,1009,West Melbourne (Industrial),0,0,0,0,1,0,0,0,0,1,0,1,0,0,0,0,0,0,3,0,6
2017,1012,North Melbourne,0,1,0,0,3,2,0,2,0,0,0,0,8,1,0,0,1,0,5,2,25
2017,1013,West Melbourne (Industrial),0,0,0,0,0,1,0,0,0,0,0,0,2,0,0,0,0,0,3,0,6
2017,1014,West Melbourne (Industrial),0,0,0,1,2,0,0,0,0,0,0,0,0,1,0,0,0,0,1,8,13
2017,1015,West Melbourne (Industrial),0,0,0,1,0,1,0,1,0,1,0,0,2,4,0,0,0,3,0,2,15
2017,1016,Kensington,0,0,0,0,0,0,0,1,0,0,0,0,0,0,0,0,0,0,0,0,1
2017,1101,Docklands,1,2,0,4,0,0,0,3,1,44,3,3,2,8,2,3,4,100,8,0,188
2017,1102,Docklands,1,1,0,0,21,3,2,0,4,4,3,3,2,5,1,0,0,1,3,0,54
2017,1103,Docklands,1,2,0,5,4,0,1,1,4,39,3,1,0,7,0,5,1,4,2,0,80
2017,1104,Docklands,0,1,0,4,14,2,0,0,3,10,0,3,2,8,0,3,0,4,3,3,60
2017,1105,Docklands,1,5,1,3,14,1,0,0,7,30,5,5,1,3,4,5,0,3,5,3,96
2017,1106,Docklands,0,0,0,0,0,0,0,0,0,0,0,0,0,0,0,0,0,0,0,0,0
2017,1107,Docklands,0,0,0,3,0,0,1,1,0,1,0,0,0,0,1,0,0,0,0,0,7
2017,1108,Docklands,0,11,0,9,41,3,3,2,12,58,9,5,5,17,1,12,1,8,4,2,203
2017,1109,Docklands,9,12,1,5,44,5,4,1,10,26,5,2,0,14,2,20,0,17,12,14,203
2017,1110,Docklands,0,2,0,9,2,5,3,2,1,23,2,2,1,9,0,2,0,76,0,0,139
2017,1111,West Melbourne (Industrial),0,0,0,0,0,0,0,0,0,0,0,0,0,0,0,0,0,0,3,0,3
2017,1112,Docklands,0,0,0,0,0,0,0,0,2,3,0,0,0,1,0,0,0,1,1,0,8
2017,2381,North Melbourne,0,0,0,0,10,1,2,0,2,0,1,0,1,2,0,0,0,0,1,0,20
2017,2382,North Melbourne,0,0,0,0,0,0,0,0,0,0,0,0,0,1,0,0,0,1,0,0,2
2017,2383,North Melbourne,0,1,0,0,0,4,1,1,0,0,1,1,0,1,0,0,0,1,0,1,12
2017,2384,North Melbourne,1,3,1,0,2,2,2,0,0,0,2,1,1,1,0,0,0,1,0,0,17
2017,2385,North Melbourne,0,0,0,1,0,1,1,0,0,1,2,0,1,0,0,0,0,1,0,4,12
2017,2386,North Melbourne,0,0,0,0,0,0,0,0,0,0,0,0,0,1,1,0,0,0,0,0,2
2017,2387,North Melbourne,0,0,0,1,1,1,0,0,1,0,0,0,0,2,0,0,1,0,0,6,13
2017,2388,North Melbourne,0,0,0,0,0,0,0,1,0,0,2,0,0,2,0,0,0,0,0,0,5
2017,2389,North Melbourne,0,0,0,0,0,0,0,0,0,0,1,0,0,0,1,0,0,0,0,0,2
2017,2390,North Melbourne,0,4,0,1,4,3,2,0,0,4,0,1,4,1,0,0,1,1,2,8,36
2017,2391,North Melbourne,1,0,0,0,0,0,0,1,0,0,0,0,0,0,0,0,0,0,0,0,2
2017,2392,North Melbourne,0,0,0,0,0,0,0,0,0,3,1,0,1,3,0,0,0,3,1,0,12
2017,2501,Kensington,0,0,0,3,0,0,0,0,0,0,0,0,0,0,0,0,0,0,0,0,3
2017,2502,Kensington,0,0,0,0,0,0,1,0,0,0,0,0,0,0,0,0,0,0,0,0,1
2017,2503,Kensington,0,0,0,1,0,0,0,0,0,0,0,0,0,0,0,0,0,0,0,0,1
2017,2504,Kensington,0,0,0,0,0,0,0,0,0,0,0,0,0,0,0,0,0,0,0,0,0
2017,2505,Kensington,0,0,0,0,0,0,0,0,0,0,0,0,0,0,0,0,0,0,0,0,0
2017,2506,Kensington,0,0,0,0,0,0,0,0,0,0,0,0,0,0,0,0,0,0,0,0,0
2017,2507,Kensington,0,0,0,0,0,0,0,0,0,0,0,0,0,0,0,0,0,0,0,0,0
2017,2508,Kensington,0,0,0,0,0,0,0,0,0,0,0,0,0,0,0,0,0,0,0,0,0
2017,2509,Kensington,0,0,0,1,0,0,0,0,0,0,0,0,0,0,0,0,0,0,0,0,1
2017,2510,Kensington,0,0,0,2,0,0,0,0,0,0,1,0,0,0,0,0,0,0,0,0,3
2017,2511,Kensington,0,0,0,3,0,0,0,0,0,0,0,0,0,0,0,0,0,0,0,0,3
2017,2512,Kensington,0,0,0,1,0,0,0,0,0,0,0,0,0,0,0,0,0,0,0,0,1
2017,2513,Kensington,0,0,0,0,0,0,0,0,0,0,0,0,0,0,0,0,0,0,0,0,0
2017,2514,Kensington,0,0,0,0,0,0,0,0,0,0,0,0,0,0,0,0,0,0,0,0,0
2017,2515,Kensington,0,2,0,1,2,0,0,0,0,0,0,0,0,1,1,0,0,0,0,0,7
2017,2516,Kensington,0,0,0,0,0,0,0,0,0,0,0,0,0,0,0,0,0,0,0,0,0
2017,2517,Kensington,0,0,0,0,0,0,0,0,0,0,0,0,0,0,0,0,0,0,0,0,0
2017,2518,Kensington,0,0,0,0,0,0,0,0,0,0,0,0,0,1,0,0,0,0,0,0,1
2017,2519,Kensington,0,0,0,0,0,0,0,0,0,0,0,0,0,0,0,0,0,0,0,0,0
2017,2520,Kensington,0,0,0,0,0,0,2,0,0,0,0,0,0,1,0,0,0,0,0,0,3
2017,2521,Kensington,0,0,0,0,0,0,0,0,0,0,0,0,0,1,0,0,0,0,0,0,1
2017,2522,Kensington,0,0,0,0,0,0,0,0,0,0,0,0,0,0,0,0,0,0,0,0,0
2017,2523,Kensington,0,0,0,0,0,0,0,0,0,4,1,0,0,0,0,0,0,0,0,0,5
2017,2524,Kensington,0,1,0,1,1,0,0,0,1,9,1,0,2,7,0,2,0,13,1,0,39
2017,2525,Kensington,0,0,0,0,0,0,0,0,0,0,0,0,0,0,0,0,0,0,0,0,0
2017,2526,Kensington,0,0,0,0,0,0,0,0,0,0,0,0,0,0,0,0,0,0,0,1,1
2017,2527,Kensington,0,0,0,1,0,0,0,0,0,0,0,0,0,0,0,0,0,0,0,0,1
2017,2528,Kensington,0,0,0,0,0,0,0,0,0,0,0,1,0,0,0,0,0,0,0,0,1
2017,2529,Kensington,0,0,0,0,0,0,0,0,0,0,0,0,0,0,0,0,0,0,0,0,0
2017,2530,Kensington,0,0,0,0,0,0,0,1,0,2,1,0,0,0,0,0,0,0,0,0,4
2017,2531,Kensington,0,1,0,0,0,0,0,0,0,0,0,0,0,0,0,0,0,2,0,0,3
2017,2532,Kensington,0,0,0,0,0,0,0,0,0,0,0,0,0,0,0,1,0,0,1,0,2
2017,2533,Kensington,0,0,0,2,2,0,1,0,0,0,1,0,2,3,1,0,0,0,3,1,16
2017,2534,Kensington,0,0,0,0,1,1,0,0,0,0,1,0,0,0,0,1,0,0,1,2,7
2017,2535,Kensington,0,0,0,0,0,0,0,0,0,0,0,0,0,0,0,0,0,0,0,0,0
2017,2536,Kensington,0,0,0,0,0,0,0,0,0,0,0,0,0,0,0,0,0,0,0,0,0
2017,2537,Kensington,0,0,0,0,0,0,0,0,0,0,0,0,0,0,0,0,0,0,0,0,0
2017,2538,Kensington,0,0,0,0,2,0,2,0,0,0,0,0,2,3,0,0,2,2,0,0,13
2017,2539,Kensington,0,0,0,0,0,0,0,0,0,1,0,0,0,0,0,0,0,0,0,1,2
2017,2540,Kensington,0,2,0,1,8,5,0,0,1,1,2,1,5,0,0,0,2,1,2,1,32
2017,2541,Kensington,0,0,0,0,0,0,0,1,0,0,1,0,0,0,0,0,0,0,1,0,3
2017,2542,Kensington,0,0,0,0,0,0,0,0,0,0,0,0,0,0,0,0,0,0,0,0,0
2017,2543,Kensington,0,0,0,0,0,0,0,0,0,0,0,0,0,0,0,0,0,0,0,0,0
2017,2544,Kensington,0,0,0,0,1,0,0,0,0,0,0,0,2,0,0,0,0,0,0,1,4
2017,2545,Kensington,0,0,0,0,0,1,0,0,0,0,0,0,2,1,0,0,0,1,0,0,5
2017,2546,Kensington,0,0,0,0,0,0,0,0,0,2,0,0,1,2,0,0,0,0,0,0,5
2017,2547,Kensington,0,0,0,1,4,0,0,0,0,0,2,0,2,1,1,0,0,0,0,1,12
2017,2548,Kensington,0,0,0,1,0,0,0,0,0,0,0,0,0,0,0,0,0,0,0,0,1
2017,0,City of Melbourne (total),291,629,56,632,2825,374,650,190,930,2734,1140,279,529,1578,266,415,63,2386,331,418,16716
